R2_Score,MSE,RMSE,MAE
0.9925901192580948,96.935074636722,9.845561164134933,2.1611517620944145
