R2_Score,MSE,RMSE,MAE
0.9925901192580948,96.93507463672198,9.845561164134931,2.1611517620944154
